"CPU Time Used","Estimated Training Performance","Wallclock Time","Incumbent ID","Automatic Configurator (CPU) Time","Configuration..."
0.000000, 2147483648.000000, 0.000627, 1, 0.000627, algorithm=''PPO'',batch_size='8',buffer_size='41813934',clip_range='0.4478965454223681',ent_coef='0.3949423035716567',gae_lambda='0.6538938441754993',gamma='0.6055799068850516',gradient_steps='325',learning_rate='0.0017384402017759067',learning_starts='6687',tau='0.6842497039064503',train_freq='751',vf_coef='0.6190232839496366'
14676.790013, 10500.000000, 14676.798465, 1, 0.008452, algorithm=''PPO'',batch_size='8',buffer_size='41813934',clip_range='0.4478965454223681',ent_coef='0.3949423035716567',gae_lambda='0.6538938441754993',gamma='0.6055799068850516',gradient_steps='325',learning_rate='0.0017384402017759067',learning_starts='6687',tau='0.6842497039064503',train_freq='751',vf_coef='0.6190232839496366'
