{"cpu_time": 0.0, "wallclock_time": 0.0006272792816162109, "evaluations": 0, "cost": 2147483648.0, "incumbent": ["algorithm=''PPO''", "batch_size='8'", "buffer_size='41813934'", "clip_range='0.4478965454223681'", "ent_coef='0.3949423035716567'", "gae_lambda='0.6538938441754993'", "gamma='0.6055799068850516'", "gradient_steps='325'", "learning_rate='0.0017384402017759067'", "learning_starts='6687'", "tau='0.6842497039064503'", "train_freq='751'", "vf_coef='0.6190232839496366'"], "origin": "Random initial design."}
{"cpu_time": 14676.790012836456, "wallclock_time": 14676.798464775085, "evaluations": 1, "cost": 10500.0, "incumbent": ["algorithm=''PPO''", "batch_size='8'", "buffer_size='41813934'", "clip_range='0.4478965454223681'", "ent_coef='0.3949423035716567'", "gae_lambda='0.6538938441754993'", "gamma='0.6055799068850516'", "gradient_steps='325'", "learning_rate='0.0017384402017759067'", "learning_starts='6687'", "tau='0.6842497039064503'", "train_freq='751'", "vf_coef='0.6190232839496366'"], "origin": "Random initial design."}
