"CPU Time Used","Estimated Training Performance","Wallclock Time","Incumbent ID","Automatic Configurator (CPU) Time","Configuration..."
0.000000, 2147483648.000000, 0.000641, 1, 0.000641, algorithm=''PPO'',batch_size='975',buffer_size='97254692',clip_range='0.23388423311122641',ent_coef='0.6699777385078796',gae_lambda='0.7042943092719719',gamma='0.36995268128713765',gradient_steps='657',learning_rate='0.003453151677218646',learning_starts='4731',tau='0.1870009670885795',train_freq='388',vf_coef='0.9332104619044509'
8349.360420, 28236.747200, 8349.367576, 1, 0.007155, algorithm=''PPO'',batch_size='975',buffer_size='97254692',clip_range='0.23388423311122641',ent_coef='0.6699777385078796',gae_lambda='0.7042943092719719',gamma='0.36995268128713765',gradient_steps='657',learning_rate='0.003453151677218646',learning_starts='4731',tau='0.1870009670885795',train_freq='388',vf_coef='0.9332104619044509'
205657.742184, 13398.808800, 205661.169908, 2, 3.427724, algorithm=''PPO'',batch_size='705',buffer_size='99156114',clip_range='0.7397644323148305',ent_coef='0.847440324920492',gae_lambda='0.005779986642629476',gamma='0.8027203977423066',gradient_steps='459',learning_rate='0.003427405446485302',learning_starts='2525',tau='0.12052764934132909',train_freq='509',vf_coef='0.04875129557924487'
