{"cpu_time": 0.0, "wallclock_time": 0.0006406307220458984, "evaluations": 0, "cost": 2147483648.0, "incumbent": {"algorithm": "PPO", "batch_size": 975, "buffer_size": 97254692, "clip_range": 0.23388423311122641, "ent_coef": 0.6699777385078796, "gae_lambda": 0.7042943092719719, "gamma": 0.36995268128713765, "gradient_steps": 657, "learning_rate": 0.003453151677218646, "learning_starts": 4731, "tau": 0.1870009670885795, "train_freq": 388, "vf_coef": 0.9332104619044509}, "budget": 0, "origin": "Random initial design."}
{"cpu_time": 8349.36042046547, "wallclock_time": 8349.367575883865, "evaluations": 1, "cost": 28236.7472, "incumbent": {"algorithm": "PPO", "batch_size": 975, "buffer_size": 97254692, "clip_range": 0.23388423311122641, "ent_coef": 0.6699777385078796, "gae_lambda": 0.7042943092719719, "gamma": 0.36995268128713765, "gradient_steps": 657, "learning_rate": 0.003453151677218646, "learning_starts": 4731, "tau": 0.1870009670885795, "train_freq": 388, "vf_coef": 0.9332104619044509}, "budget": 0, "origin": "Random initial design."}
{"cpu_time": 205657.74218416214, "wallclock_time": 205661.16990828514, "evaluations": 19, "cost": 13398.8088, "incumbent": {"algorithm": "PPO", "batch_size": 705, "buffer_size": 99156114, "clip_range": 0.7397644323148305, "ent_coef": 0.847440324920492, "gae_lambda": 0.005779986642629476, "gamma": 0.8027203977423066, "gradient_steps": 459, "learning_rate": 0.003427405446485302, "learning_starts": 2525, "tau": 0.12052764934132909, "train_freq": 509, "vf_coef": 0.04875129557924487}, "budget": 0, "origin": "Local Search"}
