{"cpu_time": 0.0, "wallclock_time": 0.0006175041198730469, "evaluations": 0, "cost": 2147483648.0, "incumbent": {"algorithm": "PPO", "batch_size": 33, "buffer_size": 30456991, "clip_range": 0.025600213397124594, "ent_coef": 0.7365458829845891, "gae_lambda": 0.0845525499333069, "gamma": 0.8649537572796822, "gradient_steps": 588, "learning_rate": 0.0004502892219141684, "learning_starts": 6189, "tau": 0.8797171163111942, "train_freq": 9639, "vf_coef": 0.8172950010623732}, "budget": 0, "origin": "Random initial design."}
{"cpu_time": 16010.890072584152, "wallclock_time": 16010.897275209427, "evaluations": 1, "cost": 2499.3198, "incumbent": {"algorithm": "PPO", "batch_size": 33, "buffer_size": 30456991, "clip_range": 0.025600213397124594, "ent_coef": 0.7365458829845891, "gae_lambda": 0.0845525499333069, "gamma": 0.8649537572796822, "gradient_steps": 588, "learning_rate": 0.0004502892219141684, "learning_starts": 6189, "tau": 0.8797171163111942, "train_freq": 9639, "vf_coef": 0.8172950010623732}, "budget": 0, "origin": "Random initial design."}
