"CPU Time Used","Estimated Training Performance","Wallclock Time","Incumbent ID","Automatic Configurator (CPU) Time","Configuration..."
0.000000, 2147483648.000000, 0.000585, 1, 0.000585, algorithm=''PPO'',batch_size='411',buffer_size='31795088',clip_range='0.29101269837913213',ent_coef='0.7769298517958081',gae_lambda='0.30061406264684615',gamma='0.9275624223269306',gradient_steps='464',learning_rate='0.0017699467856818355',learning_starts='3996',tau='0.485381781001601',train_freq='8471',vf_coef='0.4026677847987437'
8717.964420, 2903.040000, 8717.974046, 1, 0.009626, algorithm=''PPO'',batch_size='411',buffer_size='31795088',clip_range='0.29101269837913213',ent_coef='0.7769298517958081',gae_lambda='0.30061406264684615',gamma='0.9275624223269306',gradient_steps='464',learning_rate='0.0017699467856818355',learning_starts='3996',tau='0.485381781001601',train_freq='8471',vf_coef='0.4026677847987437'
