{"cpu_time": 0.0, "wallclock_time": 0.0005850791931152344, "evaluations": 0, "cost": 2147483648.0, "incumbent": ["algorithm=''PPO''", "batch_size='411'", "buffer_size='31795088'", "clip_range='0.29101269837913213'", "ent_coef='0.7769298517958081'", "gae_lambda='0.30061406264684615'", "gamma='0.9275624223269306'", "gradient_steps='464'", "learning_rate='0.0017699467856818355'", "learning_starts='3996'", "tau='0.485381781001601'", "train_freq='8471'", "vf_coef='0.4026677847987437'"], "origin": "Random initial design."}
{"cpu_time": 8717.964419603348, "wallclock_time": 8717.974045753479, "evaluations": 1, "cost": 2903.04, "incumbent": ["algorithm=''PPO''", "batch_size='411'", "buffer_size='31795088'", "clip_range='0.29101269837913213'", "ent_coef='0.7769298517958081'", "gae_lambda='0.30061406264684615'", "gamma='0.9275624223269306'", "gradient_steps='464'", "learning_rate='0.0017699467856818355'", "learning_starts='3996'", "tau='0.485381781001601'", "train_freq='8471'", "vf_coef='0.4026677847987437'"], "origin": "Random initial design."}
